{
    "LSTM RNN": {
        "bleu": 0.1756134324048896,
        "inference_time": {
            "mean": 0.0014161801338195802,
            "median": 0.0011979341506958008,
            "min": 0.0010364055633544922,
            "max": 0.002984762191772461,
            "total": 0.141618013381958,
            "num_samples": 100
        },
        "model_size": 22551028,
        "trainable_params": 22551028
    },
    "GRU RNN": {
        "bleu": 0.1923100282501094,
        "inference_time": {
            "mean": 0.0013313961029052734,
            "median": 0.0011671781539916992,
            "min": 0.000978231430053711,
            "max": 0.0026397705078125,
            "total": 0.13313961029052734,
            "num_samples": 100
        },
        "model_size": 17167860,
        "trainable_params": 17167860
    },
    "LSTM with Attention": {
        "bleu": 0.23281833018319947,
        "inference_time": {
            "mean": 0.0022742438316345217,
            "median": 0.0017969608306884766,
            "min": 0.0015888214111328125,
            "max": 0.0051653385162353516,
            "total": 0.22742438316345215,
            "num_samples": 100
        },
        "model_size": 26206965,
        "trainable_params": 26206965
    },
    "GRU with Attention": {
        "bleu": 0.23740966329361088,
        "inference_time": {
            "mean": 0.0021290111541748045,
            "median": 0.0016834735870361328,
            "min": 0.0014657974243164062,
            "max": 0.00555872917175293,
            "total": 0.21290111541748047,
            "num_samples": 100
        },
        "model_size": 19774709,
        "trainable_params": 19774709
    },
    "Transformer": {
        "bleu": 0.24254264718644367,
        "inference_time": {
            "mean": 0.012377731800079346,
            "median": 0.0069686174392700195,
            "min": 0.006655216217041016,
            "max": 0.12815141677856445,
            "total": 1.2377731800079346,
            "num_samples": 100
        },
        "model_size": 30182388,
        "trainable_params": 30182388
    }
}