{
    "LSTM RNN": {
        "bleu": 0.1969941702443741,
        "inference_time": {
            "mean": 0.0014396333694458008,
            "median": 0.001248478889465332,
            "min": 0.0010418891906738281,
            "max": 0.003111600875854492,
            "total": 0.14396333694458008,
            "num_samples": 100
        },
        "model_size": 22551028,
        "trainable_params": 22551028
    },
    "GRU RNN": {
        "bleu": 0.1948881449499525,
        "inference_time": {
            "mean": 0.001343235969543457,
            "median": 0.001080632209777832,
            "min": 0.0009882450103759766,
            "max": 0.003017902374267578,
            "total": 0.1343235969543457,
            "num_samples": 100
        },
        "model_size": 17167860,
        "trainable_params": 17167860
    },
    "LSTM with Attention": {
        "bleu": 0.2379369998237928,
        "inference_time": {
            "mean": 0.002281525135040283,
            "median": 0.0017943382263183594,
            "min": 0.0015952587127685547,
            "max": 0.0049591064453125,
            "total": 0.22815251350402832,
            "num_samples": 100
        },
        "model_size": 26206965,
        "trainable_params": 26206965
    },
    "GRU with Attention": {
        "bleu": 0.242570692953265,
        "inference_time": {
            "mean": 0.002454543113708496,
            "median": 0.0017092227935791016,
            "min": 0.0014586448669433594,
            "max": 0.020258426666259766,
            "total": 0.2454543113708496,
            "num_samples": 100
        },
        "model_size": 19774709,
        "trainable_params": 19774709
    },
    "Transformer": {
        "bleu": 0.0,
        "inference_time": {
            "mean": 0.004392542839050293,
            "median": 0.0043457746505737305,
            "min": 0.0042269229888916016,
            "max": 0.00560450553894043,
            "total": 0.4392542839050293,
            "num_samples": 100
        },
        "model_size": 30182388,
        "trainable_params": 30182388
    }
}