{
    "LSTM RNN": {
        "bleu": 0.31385469060730076,
        "inference_time": {
            "mean": 0.001435091495513916,
            "median": 0.0012947320938110352,
            "min": 0.0010707378387451172,
            "max": 0.0025300979614257812,
            "total": 0.1435091495513916,
            "num_samples": 100
        },
        "model_size": 22513066,
        "trainable_params": 22513066
    },
    "GRU RNN": {
        "bleu": 0.33004799452701405,
        "inference_time": {
            "mean": 0.001352229118347168,
            "median": 0.001226186752319336,
            "min": 0.0010156631469726562,
            "max": 0.0024864673614501953,
            "total": 0.1352229118347168,
            "num_samples": 100
        },
        "model_size": 17129898,
        "trainable_params": 17129898
    },
    "LSTM with Attention": {
        "bleu": 0.4223725793473569,
        "inference_time": {
            "mean": 0.0022573447227478027,
            "median": 0.002002716064453125,
            "min": 0.0016126632690429688,
            "max": 0.004380941390991211,
            "total": 0.22573447227478027,
            "num_samples": 100
        },
        "model_size": 26074283,
        "trainable_params": 26074283
    },
    "GRU with Attention": {
        "bleu": 0.42152890469108595,
        "inference_time": {
            "mean": 0.00223505973815918,
            "median": 0.0018999576568603516,
            "min": 0.0014910697937011719,
            "max": 0.020923376083374023,
            "total": 0.22350597381591797,
            "num_samples": 100
        },
        "model_size": 19642027,
        "trainable_params": 19642027
    },
    "Transformer": {
        "bleu": 0.4197875919075933,
        "inference_time": {
            "mean": 0.010241715908050538,
            "median": 0.007678866386413574,
            "min": 0.006996631622314453,
            "max": 0.024146318435668945,
            "total": 1.0241715908050537,
            "num_samples": 100
        },
        "model_size": 30144426,
        "trainable_params": 30144426
    }
}